customer_id,snapshot_date,churn_next_60d,split
CUST00001,2025-09-30,1,train
CUST00002,2025-09-30,0,train
CUST00003,2025-09-30,1,train
CUST00004,2025-09-30,1,train
CUST00005,2025-09-30,0,train
CUST00006,2025-09-30,0,validation
CUST00007,2025-09-30,0,train
CUST00008,2025-09-30,0,validation
CUST00009,2025-09-30,0,train
CUST00010,2025-09-30,0,train
CUST00011,2025-09-30,0,train
CUST00012,2025-09-30,1,train
CUST00013,2025-09-30,0,train
CUST00014,2025-09-30,0,train
CUST00015,2025-09-30,0,train
CUST00016,2025-09-30,1,test
CUST00017,2025-09-30,1,train
CUST00018,2025-09-30,1,test
CUST00019,2025-09-30,0,train
CUST00020,2025-09-30,1,train
CUST00021,2025-09-30,1,train
CUST00022,2025-09-30,0,train
CUST00023,2025-09-30,0,train
CUST00024,2025-09-30,0,test
CUST00025,2025-09-30,1,test
CUST00026,2025-09-30,0,train
CUST00027,2025-09-30,0,validation
CUST00028,2025-09-30,0,train
CUST00029,2025-09-30,0,train
CUST00030,2025-09-30,0,test
CUST00031,2025-09-30,1,train
CUST00032,2025-09-30,0,test
CUST00033,2025-09-30,0,validation
CUST00034,2025-09-30,0,train
CUST00035,2025-09-30,1,train
CUST00036,2025-09-30,1,train
CUST00037,2025-09-30,0,train
CUST00038,2025-09-30,0,train
CUST00039,2025-09-30,0,train
CUST00040,2025-09-30,1,train
CUST00041,2025-09-30,1,train
CUST00042,2025-09-30,0,train
CUST00043,2025-09-30,0,test
CUST00044,2025-09-30,0,test
CUST00045,2025-09-30,1,train
CUST00046,2025-09-30,1,train
CUST00047,2025-09-30,1,train
CUST00048,2025-09-30,0,validation
CUST00049,2025-09-30,0,train
CUST00050,2025-09-30,0,train
CUST00051,2025-09-30,1,train
CUST00052,2025-09-30,1,train
CUST00053,2025-09-30,0,validation
CUST00054,2025-09-30,0,train
CUST00055,2025-09-30,0,train
CUST00056,2025-09-30,0,validation
CUST00057,2025-09-30,1,train
CUST00058,2025-09-30,0,test
CUST00059,2025-09-30,0,test
CUST00060,2025-09-30,1,train
CUST00061,2025-09-30,0,train
CUST00062,2025-09-30,0,train
CUST00063,2025-09-30,1,train
CUST00064,2025-09-30,0,test
CUST00065,2025-09-30,0,train
CUST00066,2025-09-30,1,train
CUST00067,2025-09-30,1,test
CUST00068,2025-09-30,1,train
CUST00069,2025-09-30,1,train
CUST00070,2025-09-30,1,train
CUST00071,2025-09-30,1,train
CUST00072,2025-09-30,1,train
CUST00073,2025-09-30,0,train
CUST00074,2025-09-30,0,train
CUST00075,2025-09-30,0,train
CUST00076,2025-09-30,0,train
CUST00077,2025-09-30,1,validation
CUST00078,2025-09-30,1,train
CUST00079,2025-09-30,1,train
CUST00080,2025-09-30,0,train
CUST00081,2025-09-30,0,train
CUST00082,2025-09-30,1,test
CUST00083,2025-09-30,1,train
CUST00084,2025-09-30,1,train
CUST00085,2025-09-30,1,train
CUST00086,2025-09-30,0,test
CUST00087,2025-09-30,0,train
CUST00088,2025-09-30,1,test
CUST00089,2025-09-30,1,train
CUST00090,2025-09-30,0,train
CUST00091,2025-09-30,0,train
CUST00092,2025-09-30,0,test
CUST00093,2025-09-30,1,validation
CUST00094,2025-09-30,1,validation
CUST00095,2025-09-30,1,train
CUST00096,2025-09-30,0,test
CUST00097,2025-09-30,0,train
CUST00098,2025-09-30,1,train
CUST00099,2025-09-30,0,train
CUST00100,2025-09-30,0,validation
CUST00101,2025-09-30,1,train
CUST00102,2025-09-30,0,train
CUST00103,2025-09-30,0,train
CUST00104,2025-09-30,1,validation
CUST00105,2025-09-30,0,train
CUST00106,2025-09-30,1,train
CUST00107,2025-09-30,0,validation
CUST00108,2025-09-30,1,train
CUST00109,2025-09-30,0,test
CUST00110,2025-09-30,1,train
CUST00111,2025-09-30,1,test
CUST00112,2025-09-30,0,train
CUST00113,2025-09-30,0,train
CUST00114,2025-09-30,1,test
CUST00115,2025-09-30,1,train
CUST00116,2025-09-30,1,validation
CUST00117,2025-09-30,1,train
CUST00118,2025-09-30,0,train
CUST00119,2025-09-30,0,train
CUST00120,2025-09-30,0,train
CUST00121,2025-09-30,0,validation
CUST00122,2025-09-30,1,train
CUST00123,2025-09-30,0,train
CUST00124,2025-09-30,1,train
CUST00125,2025-09-30,0,train
CUST00126,2025-09-30,1,train
CUST00127,2025-09-30,0,test
CUST00128,2025-09-30,0,test
CUST00129,2025-09-30,0,train
CUST00130,2025-09-30,0,train
CUST00131,2025-09-30,1,train
CUST00132,2025-09-30,1,train
CUST00133,2025-09-30,0,test
CUST00134,2025-09-30,0,validation
CUST00135,2025-09-30,1,test
CUST00136,2025-09-30,1,train
CUST00137,2025-09-30,1,test
CUST00138,2025-09-30,0,train
CUST00139,2025-09-30,0,test
CUST00140,2025-09-30,0,test
CUST00141,2025-09-30,0,test
CUST00142,2025-09-30,1,test
CUST00143,2025-09-30,0,train
CUST00144,2025-09-30,0,validation
CUST00145,2025-09-30,1,validation
CUST00146,2025-09-30,0,train
CUST00147,2025-09-30,0,train
CUST00148,2025-09-30,0,train
CUST00149,2025-09-30,0,train
CUST00150,2025-09-30,0,train
CUST00151,2025-09-30,0,train
CUST00152,2025-09-30,0,train
CUST00153,2025-09-30,0,train
CUST00154,2025-09-30,0,train
CUST00155,2025-09-30,0,train
CUST00156,2025-09-30,0,validation
CUST00157,2025-09-30,1,validation
CUST00158,2025-09-30,1,train
CUST00159,2025-09-30,1,train
CUST00160,2025-09-30,1,test
CUST00161,2025-09-30,0,train
CUST00162,2025-09-30,1,train
CUST00163,2025-09-30,0,train
CUST00164,2025-09-30,1,train
CUST00165,2025-09-30,0,validation
CUST00166,2025-09-30,0,train
CUST00167,2025-09-30,1,train
CUST00168,2025-09-30,0,train
CUST00169,2025-09-30,1,train
CUST00170,2025-09-30,0,train
CUST00171,2025-09-30,0,test
CUST00172,2025-09-30,0,train
CUST00173,2025-09-30,0,train
CUST00174,2025-09-30,0,train
CUST00175,2025-09-30,1,train
CUST00176,2025-09-30,0,train
CUST00177,2025-09-30,0,validation
CUST00178,2025-09-30,0,train
CUST00179,2025-09-30,0,train
CUST00180,2025-09-30,1,train
CUST00181,2025-09-30,0,train
CUST00182,2025-09-30,0,train
CUST00183,2025-09-30,1,test
CUST00184,2025-09-30,1,test
CUST00185,2025-09-30,0,train
CUST00186,2025-09-30,0,train
CUST00187,2025-09-30,0,train
CUST00188,2025-09-30,1,validation
CUST00189,2025-09-30,0,train
CUST00190,2025-09-30,0,train
CUST00191,2025-09-30,0,validation
CUST00192,2025-09-30,0,test
CUST00193,2025-09-30,1,train
CUST00194,2025-09-30,0,test
CUST00195,2025-09-30,0,train
CUST00196,2025-09-30,1,train
CUST00197,2025-09-30,0,validation
CUST00198,2025-09-30,0,train
CUST00199,2025-09-30,0,validation
CUST00200,2025-09-30,0,train
CUST00201,2025-09-30,1,train
CUST00202,2025-09-30,0,train
CUST00203,2025-09-30,1,validation
CUST00204,2025-09-30,0,train
CUST00205,2025-09-30,0,train
CUST00206,2025-09-30,1,train
CUST00207,2025-09-30,1,train
CUST00208,2025-09-30,1,train
CUST00209,2025-09-30,1,validation
CUST00210,2025-09-30,1,train
CUST00211,2025-09-30,0,train
CUST00212,2025-09-30,1,train
CUST00213,2025-09-30,1,train
CUST00214,2025-09-30,1,train
CUST00215,2025-09-30,1,train
CUST00216,2025-09-30,1,train
CUST00217,2025-09-30,1,train
CUST00218,2025-09-30,0,train
CUST00219,2025-09-30,1,train
CUST00220,2025-09-30,0,train
CUST00221,2025-09-30,0,train
CUST00222,2025-09-30,1,train
CUST00223,2025-09-30,1,train
CUST00224,2025-09-30,0,train
CUST00225,2025-09-30,1,train
CUST00226,2025-09-30,0,validation
CUST00227,2025-09-30,1,train
CUST00228,2025-09-30,1,train
CUST00229,2025-09-30,1,train
CUST00230,2025-09-30,0,train
CUST00231,2025-09-30,0,train
CUST00232,2025-09-30,0,train
CUST00233,2025-09-30,1,train
CUST00234,2025-09-30,0,train
CUST00235,2025-09-30,0,train
CUST00236,2025-09-30,0,train
CUST00237,2025-09-30,0,validation
CUST00238,2025-09-30,0,train
CUST00239,2025-09-30,1,test
CUST00240,2025-09-30,0,train
CUST00241,2025-09-30,0,train
CUST00242,2025-09-30,0,train
CUST00243,2025-09-30,1,train
CUST00244,2025-09-30,1,train
CUST00245,2025-09-30,0,train
CUST00246,2025-09-30,0,train
CUST00247,2025-09-30,1,test
CUST00248,2025-09-30,0,test
CUST00249,2025-09-30,1,train
CUST00250,2025-09-30,0,test
CUST00251,2025-09-30,1,train
CUST00252,2025-09-30,1,train
CUST00253,2025-09-30,1,train
CUST00254,2025-09-30,1,train
CUST00255,2025-09-30,0,train
CUST00256,2025-09-30,1,test
CUST00257,2025-09-30,0,train
CUST00258,2025-09-30,0,validation
CUST00259,2025-09-30,1,train
CUST00260,2025-09-30,0,validation
CUST00261,2025-09-30,0,train
CUST00262,2025-09-30,0,train
CUST00263,2025-09-30,0,validation
CUST00264,2025-09-30,1,train
CUST00265,2025-09-30,0,train
CUST00266,2025-09-30,1,test
CUST00267,2025-09-30,1,validation
CUST00268,2025-09-30,0,train
CUST00269,2025-09-30,0,validation
CUST00270,2025-09-30,0,train
CUST00271,2025-09-30,0,train
CUST00272,2025-09-30,0,validation
CUST00273,2025-09-30,0,train
CUST00274,2025-09-30,0,train
CUST00275,2025-09-30,1,train
CUST00276,2025-09-30,0,validation
CUST00277,2025-09-30,0,train
CUST00278,2025-09-30,1,test
CUST00279,2025-09-30,0,test
CUST00280,2025-09-30,0,train
CUST00281,2025-09-30,1,validation
CUST00282,2025-09-30,1,train
CUST00283,2025-09-30,0,train
CUST00284,2025-09-30,1,validation
CUST00285,2025-09-30,0,validation
CUST00286,2025-09-30,1,train
CUST00287,2025-09-30,0,train
CUST00288,2025-09-30,1,train
CUST00289,2025-09-30,0,train
CUST00290,2025-09-30,0,train
CUST00291,2025-09-30,1,train
CUST00292,2025-09-30,0,train
CUST00293,2025-09-30,1,test
CUST00294,2025-09-30,0,train
CUST00295,2025-09-30,0,train
CUST00296,2025-09-30,1,train
CUST00297,2025-09-30,1,train
CUST00298,2025-09-30,1,train
CUST00299,2025-09-30,1,train
CUST00300,2025-09-30,0,train
CUST00301,2025-09-30,0,validation
CUST00302,2025-09-30,1,train
CUST00303,2025-09-30,0,test
CUST00304,2025-09-30,1,train
CUST00305,2025-09-30,1,test
CUST00306,2025-09-30,0,test
CUST00307,2025-09-30,1,train
CUST00308,2025-09-30,0,train
CUST00309,2025-09-30,1,train
CUST00310,2025-09-30,0,train
CUST00311,2025-09-30,1,train
CUST00312,2025-09-30,1,train
CUST00313,2025-09-30,1,validation
CUST00314,2025-09-30,1,train
CUST00315,2025-09-30,0,train
CUST00316,2025-09-30,1,train
CUST00317,2025-09-30,1,test
CUST00318,2025-09-30,0,test
CUST00319,2025-09-30,1,train
CUST00320,2025-09-30,0,train
CUST00321,2025-09-30,1,validation
CUST00322,2025-09-30,0,train
CUST00323,2025-09-30,0,train
CUST00324,2025-09-30,1,validation
CUST00325,2025-09-30,0,train
CUST00326,2025-09-30,1,train
CUST00327,2025-09-30,1,validation
CUST00328,2025-09-30,1,validation
CUST00329,2025-09-30,0,train
CUST00330,2025-09-30,0,train
CUST00331,2025-09-30,1,train
CUST00332,2025-09-30,0,validation
CUST00333,2025-09-30,0,train
CUST00334,2025-09-30,1,train
CUST00335,2025-09-30,0,test
CUST00336,2025-09-30,0,train
CUST00337,2025-09-30,1,validation
CUST00338,2025-09-30,0,validation
CUST00339,2025-09-30,0,train
CUST00340,2025-09-30,0,train
CUST00341,2025-09-30,0,train
CUST00342,2025-09-30,0,train
CUST00343,2025-09-30,0,train
CUST00344,2025-09-30,0,train
CUST00345,2025-09-30,0,validation
CUST00346,2025-09-30,0,train
CUST00347,2025-09-30,1,train
CUST00348,2025-09-30,0,test
CUST00349,2025-09-30,0,train
CUST00350,2025-09-30,0,validation
CUST00351,2025-09-30,0,train
CUST00352,2025-09-30,0,train
CUST00353,2025-09-30,1,train
CUST00354,2025-09-30,0,train
CUST00355,2025-09-30,1,train
CUST00356,2025-09-30,0,train
CUST00357,2025-09-30,1,validation
CUST00358,2025-09-30,1,train
CUST00359,2025-09-30,0,train
CUST00360,2025-09-30,0,train
CUST00361,2025-09-30,1,train
CUST00362,2025-09-30,0,train
CUST00363,2025-09-30,0,train
CUST00364,2025-09-30,1,train
CUST00365,2025-09-30,1,validation
CUST00366,2025-09-30,0,train
CUST00367,2025-09-30,1,train
CUST00368,2025-09-30,1,train
CUST00369,2025-09-30,1,validation
CUST00370,2025-09-30,1,train
CUST00371,2025-09-30,1,train
CUST00372,2025-09-30,0,train
CUST00373,2025-09-30,1,train
CUST00374,2025-09-30,1,train
CUST00375,2025-09-30,1,train
CUST00376,2025-09-30,1,train
CUST00377,2025-09-30,1,validation
CUST00378,2025-09-30,1,train
CUST00379,2025-09-30,1,test
CUST00380,2025-09-30,0,train
CUST00381,2025-09-30,1,train
CUST00382,2025-09-30,0,train
CUST00383,2025-09-30,0,train
CUST00384,2025-09-30,0,test
CUST00385,2025-09-30,0,train
CUST00386,2025-09-30,0,train
CUST00387,2025-09-30,0,train
CUST00388,2025-09-30,1,train
CUST00389,2025-09-30,0,train
CUST00390,2025-09-30,1,train
CUST00391,2025-09-30,0,test
CUST00392,2025-09-30,1,train
CUST00393,2025-09-30,0,train
CUST00394,2025-09-30,0,train
CUST00395,2025-09-30,0,train
CUST00396,2025-09-30,0,validation
CUST00397,2025-09-30,1,test
CUST00398,2025-09-30,0,train
CUST00399,2025-09-30,1,train
CUST00400,2025-09-30,0,train
CUST00401,2025-09-30,0,validation
CUST00402,2025-09-30,1,validation
CUST00403,2025-09-30,0,validation
CUST00404,2025-09-30,1,train
CUST00405,2025-09-30,1,train
CUST00406,2025-09-30,0,train
CUST00407,2025-09-30,0,train
CUST00408,2025-09-30,0,validation
CUST00409,2025-09-30,1,train
CUST00410,2025-09-30,0,validation
CUST00411,2025-09-30,1,test
CUST00412,2025-09-30,1,test
CUST00413,2025-09-30,0,train
CUST00414,2025-09-30,1,test
CUST00415,2025-09-30,1,train
CUST00416,2025-09-30,0,train
CUST00417,2025-09-30,1,test
CUST00418,2025-09-30,0,test
CUST00419,2025-09-30,1,train
CUST00420,2025-09-30,0,validation
CUST00421,2025-09-30,0,train
CUST00422,2025-09-30,1,train
CUST00423,2025-09-30,1,train
CUST00424,2025-09-30,1,train
CUST00425,2025-09-30,0,train
CUST00426,2025-09-30,1,train
CUST00427,2025-09-30,1,validation
CUST00428,2025-09-30,0,train
CUST00429,2025-09-30,0,train
CUST00430,2025-09-30,0,train
CUST00431,2025-09-30,1,train
CUST00432,2025-09-30,1,train
CUST00433,2025-09-30,0,train
CUST00434,2025-09-30,0,train
CUST00435,2025-09-30,1,train
CUST00436,2025-09-30,0,validation
CUST00437,2025-09-30,0,test
CUST00438,2025-09-30,1,test
CUST00439,2025-09-30,1,train
CUST00440,2025-09-30,1,train
CUST00441,2025-09-30,1,train
CUST00442,2025-09-30,1,test
CUST00443,2025-09-30,1,train
CUST00444,2025-09-30,1,train
CUST00445,2025-09-30,0,train
CUST00446,2025-09-30,1,train
CUST00447,2025-09-30,0,train
CUST00448,2025-09-30,1,train
CUST00449,2025-09-30,1,train
CUST00450,2025-09-30,0,train
CUST00451,2025-09-30,0,validation
CUST00452,2025-09-30,1,train
CUST00453,2025-09-30,0,train
CUST00454,2025-09-30,0,test
CUST00455,2025-09-30,1,train
CUST00456,2025-09-30,1,train
CUST00457,2025-09-30,1,train
CUST00458,2025-09-30,0,validation
CUST00459,2025-09-30,1,train
CUST00460,2025-09-30,0,test
CUST00461,2025-09-30,1,train
CUST00462,2025-09-30,1,train
CUST00463,2025-09-30,0,train
CUST00464,2025-09-30,1,validation
CUST00465,2025-09-30,1,train
CUST00466,2025-09-30,0,validation
CUST00467,2025-09-30,0,train
CUST00468,2025-09-30,1,train
CUST00469,2025-09-30,0,train
CUST00470,2025-09-30,1,train
CUST00471,2025-09-30,1,train
CUST00472,2025-09-30,0,train
CUST00473,2025-09-30,1,train
CUST00474,2025-09-30,0,validation
CUST00475,2025-09-30,0,train
CUST00476,2025-09-30,1,train
CUST00477,2025-09-30,0,train
CUST00478,2025-09-30,0,train
CUST00479,2025-09-30,1,train
CUST00480,2025-09-30,1,test
CUST00481,2025-09-30,0,train
CUST00482,2025-09-30,0,test
CUST00483,2025-09-30,0,train
CUST00484,2025-09-30,0,train
CUST00485,2025-09-30,1,train
CUST00486,2025-09-30,0,train
CUST00487,2025-09-30,0,train
CUST00488,2025-09-30,1,train
CUST00489,2025-09-30,1,train
CUST00490,2025-09-30,0,train
CUST00491,2025-09-30,0,test
CUST00492,2025-09-30,0,train
CUST00493,2025-09-30,1,test
CUST00494,2025-09-30,0,validation
CUST00495,2025-09-30,0,train
CUST00496,2025-09-30,0,train
CUST00497,2025-09-30,1,train
CUST00498,2025-09-30,0,train
CUST00499,2025-09-30,0,train
CUST00500,2025-09-30,0,train
CUST00501,2025-09-30,0,train
CUST00502,2025-09-30,0,train
CUST00503,2025-09-30,0,train
CUST00504,2025-09-30,0,train
CUST00505,2025-09-30,0,train
CUST00506,2025-09-30,0,test
CUST00507,2025-09-30,1,test
CUST00508,2025-09-30,0,train
CUST00509,2025-09-30,0,test
CUST00510,2025-09-30,1,validation
CUST00511,2025-09-30,0,train
CUST00512,2025-09-30,1,train
CUST00513,2025-09-30,0,validation
CUST00514,2025-09-30,1,validation
CUST00515,2025-09-30,0,train
CUST00516,2025-09-30,1,train
CUST00517,2025-09-30,0,train
CUST00518,2025-09-30,0,train
CUST00519,2025-09-30,0,validation
CUST00520,2025-09-30,0,train
CUST00521,2025-09-30,0,validation
CUST00522,2025-09-30,1,train
CUST00523,2025-09-30,0,train
CUST00524,2025-09-30,1,train
CUST00525,2025-09-30,1,train
CUST00526,2025-09-30,0,train
CUST00527,2025-09-30,0,train
CUST00528,2025-09-30,0,train
CUST00529,2025-09-30,0,train
CUST00530,2025-09-30,0,train
CUST00531,2025-09-30,1,test
CUST00532,2025-09-30,1,validation
CUST00533,2025-09-30,0,train
CUST00534,2025-09-30,1,train
CUST00535,2025-09-30,1,train
CUST00536,2025-09-30,0,train
CUST00537,2025-09-30,0,train
CUST00538,2025-09-30,0,train
CUST00539,2025-09-30,0,validation
CUST00540,2025-09-30,0,train
CUST00541,2025-09-30,0,train
CUST00542,2025-09-30,0,train
CUST00543,2025-09-30,1,train
CUST00544,2025-09-30,1,train
CUST00545,2025-09-30,0,train
CUST00546,2025-09-30,0,train
CUST00547,2025-09-30,0,train
CUST00548,2025-09-30,0,train
CUST00549,2025-09-30,1,train
CUST00550,2025-09-30,0,validation
CUST00551,2025-09-30,0,train
CUST00552,2025-09-30,0,train
CUST00553,2025-09-30,1,train
CUST00554,2025-09-30,0,train
CUST00555,2025-09-30,0,train
CUST00556,2025-09-30,1,train
CUST00557,2025-09-30,0,validation
CUST00558,2025-09-30,1,train
CUST00559,2025-09-30,0,train
CUST00560,2025-09-30,1,validation
CUST00561,2025-09-30,0,train
CUST00562,2025-09-30,1,train
CUST00563,2025-09-30,1,train
CUST00564,2025-09-30,1,train
CUST00565,2025-09-30,0,validation
CUST00566,2025-09-30,0,train
CUST00567,2025-09-30,0,test
CUST00568,2025-09-30,1,test
CUST00569,2025-09-30,0,train
CUST00570,2025-09-30,1,test
CUST00571,2025-09-30,0,train
CUST00572,2025-09-30,1,train
CUST00573,2025-09-30,1,train
CUST00574,2025-09-30,0,validation
CUST00575,2025-09-30,1,train
CUST00576,2025-09-30,1,train
CUST00577,2025-09-30,0,train
CUST00578,2025-09-30,1,train
CUST00579,2025-09-30,1,train
CUST00580,2025-09-30,0,test
CUST00581,2025-09-30,1,validation
CUST00582,2025-09-30,1,train
CUST00583,2025-09-30,1,train
CUST00584,2025-09-30,1,train
CUST00585,2025-09-30,0,validation
CUST00586,2025-09-30,1,train
CUST00587,2025-09-30,0,train
CUST00588,2025-09-30,0,test
CUST00589,2025-09-30,1,train
CUST00590,2025-09-30,1,train
CUST00591,2025-09-30,1,train
CUST00592,2025-09-30,1,test
CUST00593,2025-09-30,0,train
CUST00594,2025-09-30,1,train
CUST00595,2025-09-30,0,train
CUST00596,2025-09-30,1,test
CUST00597,2025-09-30,1,train
CUST00598,2025-09-30,0,train
CUST00599,2025-09-30,0,train
CUST00600,2025-09-30,1,validation
CUST00601,2025-09-30,1,train
CUST00602,2025-09-30,1,test
CUST00603,2025-09-30,0,train
CUST00604,2025-09-30,0,train
CUST00605,2025-09-30,1,train
CUST00606,2025-09-30,1,train
CUST00607,2025-09-30,1,train
CUST00608,2025-09-30,0,train
CUST00609,2025-09-30,0,validation
CUST00610,2025-09-30,0,validation
CUST00611,2025-09-30,1,train
CUST00612,2025-09-30,1,train
CUST00613,2025-09-30,0,test
CUST00614,2025-09-30,1,train
CUST00615,2025-09-30,1,train
CUST00616,2025-09-30,1,train
CUST00617,2025-09-30,0,validation
CUST00618,2025-09-30,0,train
CUST00619,2025-09-30,0,train
CUST00620,2025-09-30,0,train
CUST00621,2025-09-30,1,train
CUST00622,2025-09-30,1,train
CUST00623,2025-09-30,0,train
CUST00624,2025-09-30,1,train
CUST00625,2025-09-30,1,train
CUST00626,2025-09-30,0,train
CUST00627,2025-09-30,1,validation
CUST00628,2025-09-30,0,train
CUST00629,2025-09-30,0,train
CUST00630,2025-09-30,0,train
CUST00631,2025-09-30,1,train
CUST00632,2025-09-30,1,train
CUST00633,2025-09-30,0,train
CUST00634,2025-09-30,1,train
CUST00635,2025-09-30,1,test
CUST00636,2025-09-30,0,train
CUST00637,2025-09-30,0,train
CUST00638,2025-09-30,1,train
CUST00639,2025-09-30,1,validation
CUST00640,2025-09-30,1,train
CUST00641,2025-09-30,0,train
CUST00642,2025-09-30,0,train
CUST00643,2025-09-30,1,test
CUST00644,2025-09-30,1,test
CUST00645,2025-09-30,1,test
CUST00646,2025-09-30,0,train
CUST00647,2025-09-30,1,test
CUST00648,2025-09-30,0,train
CUST00649,2025-09-30,1,train
CUST00650,2025-09-30,1,validation
CUST00651,2025-09-30,0,train
CUST00652,2025-09-30,0,validation
CUST00653,2025-09-30,0,train
CUST00654,2025-09-30,0,train
CUST00655,2025-09-30,0,train
CUST00656,2025-09-30,0,train
CUST00657,2025-09-30,1,test
CUST00658,2025-09-30,1,train
CUST00659,2025-09-30,0,validation
CUST00660,2025-09-30,0,test
CUST00661,2025-09-30,1,train
CUST00662,2025-09-30,1,train
CUST00663,2025-09-30,1,train
CUST00664,2025-09-30,0,train
CUST00665,2025-09-30,0,train
CUST00666,2025-09-30,0,train
CUST00667,2025-09-30,0,test
CUST00668,2025-09-30,1,train
CUST00669,2025-09-30,0,train
CUST00670,2025-09-30,1,train
CUST00671,2025-09-30,0,train
CUST00672,2025-09-30,1,train
CUST00673,2025-09-30,1,train
CUST00674,2025-09-30,1,train
CUST00675,2025-09-30,0,train
CUST00676,2025-09-30,0,test
CUST00677,2025-09-30,0,train
CUST00678,2025-09-30,1,train
CUST00679,2025-09-30,0,train
CUST00680,2025-09-30,1,train
CUST00681,2025-09-30,1,train
CUST00682,2025-09-30,0,train
CUST00683,2025-09-30,0,validation
CUST00684,2025-09-30,1,validation
CUST00685,2025-09-30,0,train
CUST00686,2025-09-30,1,train
CUST00687,2025-09-30,1,train
CUST00688,2025-09-30,0,train
CUST00689,2025-09-30,0,train
CUST00690,2025-09-30,0,validation
CUST00691,2025-09-30,0,train
CUST00692,2025-09-30,1,train
CUST00693,2025-09-30,1,train
CUST00694,2025-09-30,1,train
CUST00695,2025-09-30,1,train
CUST00696,2025-09-30,0,train
CUST00697,2025-09-30,0,train
CUST00698,2025-09-30,0,train
CUST00699,2025-09-30,0,train
CUST00700,2025-09-30,0,train
CUST00701,2025-09-30,1,train
CUST00702,2025-09-30,1,train
CUST00703,2025-09-30,1,validation
CUST00704,2025-09-30,1,train
CUST00705,2025-09-30,1,train
CUST00706,2025-09-30,0,test
CUST00707,2025-09-30,0,validation
CUST00708,2025-09-30,0,validation
CUST00709,2025-09-30,1,test
CUST00710,2025-09-30,0,validation
CUST00711,2025-09-30,0,train
CUST00712,2025-09-30,0,train
CUST00713,2025-09-30,0,train
CUST00714,2025-09-30,0,train
CUST00715,2025-09-30,0,train
CUST00716,2025-09-30,0,test
CUST00717,2025-09-30,0,train
CUST00718,2025-09-30,1,validation
CUST00719,2025-09-30,0,train
CUST00720,2025-09-30,1,train
CUST00721,2025-09-30,0,train
CUST00722,2025-09-30,1,validation
CUST00723,2025-09-30,1,train
CUST00724,2025-09-30,0,test
CUST00725,2025-09-30,1,test
CUST00726,2025-09-30,0,train
CUST00727,2025-09-30,1,validation
CUST00728,2025-09-30,1,train
CUST00729,2025-09-30,1,train
CUST00730,2025-09-30,0,train
CUST00731,2025-09-30,1,test
CUST00732,2025-09-30,0,train
CUST00733,2025-09-30,0,train
CUST00734,2025-09-30,0,test
CUST00735,2025-09-30,0,test
CUST00736,2025-09-30,1,validation
CUST00737,2025-09-30,0,test
CUST00738,2025-09-30,1,test
CUST00739,2025-09-30,0,train
CUST00740,2025-09-30,1,test
CUST00741,2025-09-30,0,train
CUST00742,2025-09-30,1,train
CUST00743,2025-09-30,0,train
CUST00744,2025-09-30,1,validation
CUST00745,2025-09-30,0,train
CUST00746,2025-09-30,1,validation
CUST00747,2025-09-30,0,train
CUST00748,2025-09-30,0,train
CUST00749,2025-09-30,0,validation
CUST00750,2025-09-30,0,test
CUST00751,2025-09-30,0,train
CUST00752,2025-09-30,1,validation
CUST00753,2025-09-30,1,train
CUST00754,2025-09-30,0,validation
CUST00755,2025-09-30,1,test
CUST00756,2025-09-30,1,train
CUST00757,2025-09-30,0,validation
CUST00758,2025-09-30,0,train
CUST00759,2025-09-30,1,train
CUST00760,2025-09-30,1,train
CUST00761,2025-09-30,1,train
CUST00762,2025-09-30,0,train
CUST00763,2025-09-30,1,train
CUST00764,2025-09-30,0,train
CUST00765,2025-09-30,1,test
CUST00766,2025-09-30,1,train
CUST00767,2025-09-30,1,train
CUST00768,2025-09-30,0,train
CUST00769,2025-09-30,1,train
CUST00770,2025-09-30,0,train
CUST00771,2025-09-30,1,train
CUST00772,2025-09-30,1,validation
CUST00773,2025-09-30,1,validation
CUST00774,2025-09-30,1,train
CUST00775,2025-09-30,0,train
CUST00776,2025-09-30,1,train
CUST00777,2025-09-30,0,train
CUST00778,2025-09-30,1,train
CUST00779,2025-09-30,0,train
CUST00780,2025-09-30,0,train
CUST00781,2025-09-30,0,validation
CUST00782,2025-09-30,1,test
CUST00783,2025-09-30,1,test
CUST00784,2025-09-30,1,train
CUST00785,2025-09-30,0,train
CUST00786,2025-09-30,1,validation
CUST00787,2025-09-30,0,train
CUST00788,2025-09-30,0,train
CUST00789,2025-09-30,0,test
CUST00790,2025-09-30,1,train
CUST00791,2025-09-30,1,train
CUST00792,2025-09-30,1,test
CUST00793,2025-09-30,1,train
CUST00794,2025-09-30,1,train
CUST00795,2025-09-30,1,validation
CUST00796,2025-09-30,1,test
CUST00797,2025-09-30,0,test
CUST00798,2025-09-30,0,validation
CUST00799,2025-09-30,1,train
CUST00800,2025-09-30,0,test
CUST00801,2025-09-30,1,validation
CUST00802,2025-09-30,1,train
CUST00803,2025-09-30,0,train
CUST00804,2025-09-30,0,train
CUST00805,2025-09-30,0,train
CUST00806,2025-09-30,0,train
CUST00807,2025-09-30,1,train
CUST00808,2025-09-30,0,train
CUST00809,2025-09-30,0,train
CUST00810,2025-09-30,0,train
CUST00811,2025-09-30,1,train
CUST00812,2025-09-30,1,train
CUST00813,2025-09-30,0,train
CUST00814,2025-09-30,0,train
CUST00815,2025-09-30,0,test
CUST00816,2025-09-30,0,train
CUST00817,2025-09-30,0,train
CUST00818,2025-09-30,1,train
CUST00819,2025-09-30,0,test
CUST00820,2025-09-30,1,train
CUST00821,2025-09-30,0,train
CUST00822,2025-09-30,0,train
CUST00823,2025-09-30,1,train
CUST00824,2025-09-30,0,test
CUST00825,2025-09-30,1,train
CUST00826,2025-09-30,1,train
CUST00827,2025-09-30,0,train
CUST00828,2025-09-30,1,train
CUST00829,2025-09-30,0,test
CUST00830,2025-09-30,0,validation
CUST00831,2025-09-30,0,train
CUST00832,2025-09-30,0,train
CUST00833,2025-09-30,1,train
CUST00834,2025-09-30,0,train
CUST00835,2025-09-30,1,validation
CUST00836,2025-09-30,0,train
CUST00837,2025-09-30,0,train
CUST00838,2025-09-30,1,test
CUST00839,2025-09-30,1,train
CUST00840,2025-09-30,0,test
CUST00841,2025-09-30,0,train
CUST00842,2025-09-30,0,train
CUST00843,2025-09-30,1,train
CUST00844,2025-09-30,0,validation
CUST00845,2025-09-30,1,validation
CUST00846,2025-09-30,0,validation
CUST00847,2025-09-30,0,train
CUST00848,2025-09-30,0,train
CUST00849,2025-09-30,0,train
CUST00850,2025-09-30,1,validation
CUST00851,2025-09-30,0,train
CUST00852,2025-09-30,0,train
CUST00853,2025-09-30,1,test
CUST00854,2025-09-30,1,train
CUST00855,2025-09-30,1,test
CUST00856,2025-09-30,0,train
CUST00857,2025-09-30,0,validation
CUST00858,2025-09-30,1,test
CUST00859,2025-09-30,1,train
CUST00860,2025-09-30,0,train
CUST00861,2025-09-30,1,train
CUST00862,2025-09-30,1,train
CUST00863,2025-09-30,0,train
CUST00864,2025-09-30,1,train
CUST00865,2025-09-30,0,validation
CUST00866,2025-09-30,1,test
CUST00867,2025-09-30,1,train
CUST00868,2025-09-30,0,train
CUST00869,2025-09-30,1,validation
CUST00870,2025-09-30,0,train
CUST00871,2025-09-30,1,train
CUST00872,2025-09-30,1,train
CUST00873,2025-09-30,0,train
CUST00874,2025-09-30,1,train
CUST00875,2025-09-30,0,test
CUST00876,2025-09-30,1,train
CUST00877,2025-09-30,1,train
CUST00878,2025-09-30,0,test
CUST00879,2025-09-30,1,train
CUST00880,2025-09-30,0,train
CUST00881,2025-09-30,0,train
CUST00882,2025-09-30,1,validation
CUST00883,2025-09-30,0,train
CUST00884,2025-09-30,1,train
CUST00885,2025-09-30,1,train
CUST00886,2025-09-30,0,train
CUST00887,2025-09-30,0,train
CUST00888,2025-09-30,1,train
CUST00889,2025-09-30,1,train
CUST00890,2025-09-30,0,train
CUST00891,2025-09-30,0,train
CUST00892,2025-09-30,0,train
CUST00893,2025-09-30,1,train
CUST00894,2025-09-30,1,train
CUST00895,2025-09-30,1,train
CUST00896,2025-09-30,0,validation
CUST00897,2025-09-30,0,train
CUST00898,2025-09-30,1,train
CUST00899,2025-09-30,1,train
CUST00900,2025-09-30,1,train
CUST00901,2025-09-30,0,validation
CUST00902,2025-09-30,0,train
CUST00903,2025-09-30,1,test
CUST00904,2025-09-30,0,train
CUST00905,2025-09-30,0,train
CUST00906,2025-09-30,1,train
CUST00907,2025-09-30,1,train
CUST00908,2025-09-30,0,train
CUST00909,2025-09-30,1,train
CUST00910,2025-09-30,1,train
CUST00911,2025-09-30,0,train
CUST00912,2025-09-30,1,train
CUST00913,2025-09-30,1,validation
CUST00914,2025-09-30,0,train
CUST00915,2025-09-30,1,train
CUST00916,2025-09-30,0,train
CUST00917,2025-09-30,1,validation
CUST00918,2025-09-30,1,train
CUST00919,2025-09-30,0,validation
CUST00920,2025-09-30,1,train
CUST00921,2025-09-30,1,validation
CUST00922,2025-09-30,0,validation
CUST00923,2025-09-30,1,train
CUST00924,2025-09-30,0,validation
CUST00925,2025-09-30,0,train
CUST00926,2025-09-30,0,train
CUST00927,2025-09-30,1,train
CUST00928,2025-09-30,1,validation
CUST00929,2025-09-30,0,test
CUST00930,2025-09-30,0,validation
CUST00931,2025-09-30,0,train
CUST00932,2025-09-30,1,test
CUST00933,2025-09-30,1,validation
CUST00934,2025-09-30,1,train
CUST00935,2025-09-30,0,train
CUST00936,2025-09-30,0,train
CUST00937,2025-09-30,1,train
CUST00938,2025-09-30,1,test
CUST00939,2025-09-30,0,train
CUST00940,2025-09-30,0,train
CUST00941,2025-09-30,1,train
CUST00942,2025-09-30,1,test
CUST00943,2025-09-30,1,train
CUST00944,2025-09-30,1,test
CUST00945,2025-09-30,0,train
CUST00946,2025-09-30,1,train
CUST00947,2025-09-30,0,validation
CUST00948,2025-09-30,1,validation
CUST00949,2025-09-30,1,test
CUST00950,2025-09-30,1,train
CUST00951,2025-09-30,0,train
CUST00952,2025-09-30,0,validation
CUST00953,2025-09-30,0,train
CUST00954,2025-09-30,0,test
CUST00955,2025-09-30,1,test
CUST00956,2025-09-30,0,train
CUST00957,2025-09-30,0,train
CUST00958,2025-09-30,1,train
CUST00959,2025-09-30,1,train
CUST00960,2025-09-30,1,train
CUST00961,2025-09-30,0,validation
CUST00962,2025-09-30,1,train
CUST00963,2025-09-30,1,train
CUST00964,2025-09-30,1,train
CUST00965,2025-09-30,0,train
CUST00966,2025-09-30,0,test
CUST00967,2025-09-30,1,validation
CUST00968,2025-09-30,1,train
CUST00969,2025-09-30,0,train
CUST00970,2025-09-30,1,train
CUST00971,2025-09-30,0,train
CUST00972,2025-09-30,0,train
CUST00973,2025-09-30,0,validation
CUST00974,2025-09-30,0,train
CUST00975,2025-09-30,0,test
CUST00976,2025-09-30,0,test
CUST00977,2025-09-30,0,train
CUST00978,2025-09-30,1,train
CUST00979,2025-09-30,1,train
CUST00980,2025-09-30,1,test
CUST00981,2025-09-30,0,validation
CUST00982,2025-09-30,0,validation
CUST00983,2025-09-30,1,validation
CUST00984,2025-09-30,0,train
CUST00985,2025-09-30,1,train
CUST00986,2025-09-30,0,train
CUST00987,2025-09-30,0,train
CUST00988,2025-09-30,0,test
CUST00989,2025-09-30,1,train
CUST00990,2025-09-30,0,validation
CUST00991,2025-09-30,0,train
CUST00992,2025-09-30,1,train
CUST00993,2025-09-30,1,validation
CUST00994,2025-09-30,0,train
CUST00995,2025-09-30,1,test
CUST00996,2025-09-30,0,validation
CUST00997,2025-09-30,1,train
CUST00998,2025-09-30,0,train
CUST00999,2025-09-30,1,validation
CUST01000,2025-09-30,0,train
CUST01001,2025-09-30,1,train
CUST01002,2025-09-30,0,train
CUST01003,2025-09-30,1,train
CUST01004,2025-09-30,1,train
CUST01005,2025-09-30,1,train
CUST01006,2025-09-30,0,train
CUST01007,2025-09-30,0,train
CUST01008,2025-09-30,1,train
CUST01009,2025-09-30,0,train
CUST01010,2025-09-30,0,train
CUST01011,2025-09-30,1,validation
CUST01012,2025-09-30,0,train
CUST01013,2025-09-30,1,train
CUST01014,2025-09-30,1,train
CUST01015,2025-09-30,0,train
CUST01016,2025-09-30,0,validation
CUST01017,2025-09-30,0,test
CUST01018,2025-09-30,0,validation
CUST01019,2025-09-30,1,train
CUST01020,2025-09-30,1,train
CUST01021,2025-09-30,0,train
CUST01022,2025-09-30,1,train
CUST01023,2025-09-30,1,train
CUST01024,2025-09-30,0,train
CUST01025,2025-09-30,0,train
CUST01026,2025-09-30,1,train
CUST01027,2025-09-30,0,train
CUST01028,2025-09-30,1,test
CUST01029,2025-09-30,0,train
CUST01030,2025-09-30,0,validation
CUST01031,2025-09-30,1,train
CUST01032,2025-09-30,0,train
CUST01033,2025-09-30,0,train
CUST01034,2025-09-30,0,train
CUST01035,2025-09-30,0,train
CUST01036,2025-09-30,1,validation
CUST01037,2025-09-30,0,train
CUST01038,2025-09-30,1,train
CUST01039,2025-09-30,0,test
CUST01040,2025-09-30,1,train
CUST01041,2025-09-30,0,train
CUST01042,2025-09-30,0,train
CUST01043,2025-09-30,1,validation
CUST01044,2025-09-30,0,test
CUST01045,2025-09-30,0,train
CUST01046,2025-09-30,1,train
CUST01047,2025-09-30,1,train
CUST01048,2025-09-30,1,train
CUST01049,2025-09-30,1,train
CUST01050,2025-09-30,0,train
CUST01051,2025-09-30,1,train
CUST01052,2025-09-30,1,train
CUST01053,2025-09-30,1,validation
CUST01054,2025-09-30,1,test
CUST01055,2025-09-30,1,test
CUST01056,2025-09-30,0,train
CUST01057,2025-09-30,0,train
CUST01058,2025-09-30,1,train
CUST01059,2025-09-30,1,train
CUST01060,2025-09-30,0,train
CUST01061,2025-09-30,0,train
CUST01062,2025-09-30,1,train
CUST01063,2025-09-30,0,train
CUST01064,2025-09-30,0,train
CUST01065,2025-09-30,0,train
CUST01066,2025-09-30,0,test
CUST01067,2025-09-30,0,train
CUST01068,2025-09-30,1,train
CUST01069,2025-09-30,0,train
CUST01070,2025-09-30,0,test
CUST01071,2025-09-30,0,train
CUST01072,2025-09-30,1,train
CUST01073,2025-09-30,1,train
CUST01074,2025-09-30,1,train
CUST01075,2025-09-30,1,validation
CUST01076,2025-09-30,0,train
CUST01077,2025-09-30,1,validation
CUST01078,2025-09-30,1,train
CUST01079,2025-09-30,1,test
CUST01080,2025-09-30,1,validation
CUST01081,2025-09-30,0,train
CUST01082,2025-09-30,1,train
CUST01083,2025-09-30,1,train
CUST01084,2025-09-30,0,train
CUST01085,2025-09-30,1,test
CUST01086,2025-09-30,0,train
CUST01087,2025-09-30,1,train
CUST01088,2025-09-30,0,train
CUST01089,2025-09-30,1,train
CUST01090,2025-09-30,1,validation
CUST01091,2025-09-30,1,train
CUST01092,2025-09-30,1,train
CUST01093,2025-09-30,0,train
CUST01094,2025-09-30,0,train
CUST01095,2025-09-30,0,train
CUST01096,2025-09-30,0,train
CUST01097,2025-09-30,1,train
CUST01098,2025-09-30,1,train
CUST01099,2025-09-30,0,train
CUST01100,2025-09-30,0,train
CUST01101,2025-09-30,1,train
CUST01102,2025-09-30,0,train
CUST01103,2025-09-30,1,train
CUST01104,2025-09-30,0,validation
CUST01105,2025-09-30,1,test
CUST01106,2025-09-30,0,validation
CUST01107,2025-09-30,1,train
CUST01108,2025-09-30,0,train
CUST01109,2025-09-30,0,validation
CUST01110,2025-09-30,1,train
CUST01111,2025-09-30,1,train
CUST01112,2025-09-30,0,train
CUST01113,2025-09-30,0,train
CUST01114,2025-09-30,1,train
CUST01115,2025-09-30,0,train
CUST01116,2025-09-30,0,train
CUST01117,2025-09-30,0,train
CUST01118,2025-09-30,0,train
CUST01119,2025-09-30,1,train
CUST01120,2025-09-30,0,train
CUST01121,2025-09-30,0,train
CUST01122,2025-09-30,0,train
CUST01123,2025-09-30,1,train
CUST01124,2025-09-30,1,train
CUST01125,2025-09-30,1,train
CUST01126,2025-09-30,0,train
CUST01127,2025-09-30,1,train
CUST01128,2025-09-30,1,validation
CUST01129,2025-09-30,1,validation
CUST01130,2025-09-30,1,train
CUST01131,2025-09-30,0,test
CUST01132,2025-09-30,0,train
CUST01133,2025-09-30,1,validation
CUST01134,2025-09-30,0,train
CUST01135,2025-09-30,1,train
CUST01136,2025-09-30,0,train
CUST01137,2025-09-30,1,train
CUST01138,2025-09-30,1,train
CUST01139,2025-09-30,0,validation
CUST01140,2025-09-30,0,test
CUST01141,2025-09-30,1,train
CUST01142,2025-09-30,0,train
CUST01143,2025-09-30,0,train
CUST01144,2025-09-30,0,test
CUST01145,2025-09-30,1,train
CUST01146,2025-09-30,0,train
CUST01147,2025-09-30,0,train
CUST01148,2025-09-30,1,train
CUST01149,2025-09-30,0,validation
CUST01150,2025-09-30,1,train
CUST01151,2025-09-30,1,train
CUST01152,2025-09-30,0,train
CUST01153,2025-09-30,1,validation
CUST01154,2025-09-30,0,train
CUST01155,2025-09-30,0,train
CUST01156,2025-09-30,0,train
CUST01157,2025-09-30,0,test
CUST01158,2025-09-30,0,test
CUST01159,2025-09-30,0,test
CUST01160,2025-09-30,1,train
CUST01161,2025-09-30,1,train
CUST01162,2025-09-30,0,train
CUST01163,2025-09-30,1,train
CUST01164,2025-09-30,1,validation
CUST01165,2025-09-30,1,test
CUST01166,2025-09-30,1,train
CUST01167,2025-09-30,0,train
CUST01168,2025-09-30,0,train
CUST01169,2025-09-30,0,test
CUST01170,2025-09-30,1,train
CUST01171,2025-09-30,0,train
CUST01172,2025-09-30,0,train
CUST01173,2025-09-30,0,train
CUST01174,2025-09-30,1,train
CUST01175,2025-09-30,0,train
CUST01176,2025-09-30,1,train
CUST01177,2025-09-30,0,test
CUST01178,2025-09-30,1,train
CUST01179,2025-09-30,1,train
CUST01180,2025-09-30,0,train
CUST01181,2025-09-30,1,train
CUST01182,2025-09-30,0,test
CUST01183,2025-09-30,0,train
CUST01184,2025-09-30,0,train
CUST01185,2025-09-30,0,validation
CUST01186,2025-09-30,1,train
CUST01187,2025-09-30,0,test
CUST01188,2025-09-30,1,train
CUST01189,2025-09-30,1,train
CUST01190,2025-09-30,0,train
CUST01191,2025-09-30,1,train
CUST01192,2025-09-30,0,train
CUST01193,2025-09-30,1,train
CUST01194,2025-09-30,1,train
CUST01195,2025-09-30,1,train
CUST01196,2025-09-30,1,test
CUST01197,2025-09-30,1,train
CUST01198,2025-09-30,0,train
CUST01199,2025-09-30,1,train
CUST01200,2025-09-30,0,validation
CUST01201,2025-09-30,1,train
CUST01202,2025-09-30,1,train
CUST01203,2025-09-30,0,train
CUST01204,2025-09-30,0,train
CUST01205,2025-09-30,1,train
CUST01206,2025-09-30,1,train
CUST01207,2025-09-30,1,train
CUST01208,2025-09-30,0,train
CUST01209,2025-09-30,0,train
CUST01210,2025-09-30,1,train
CUST01211,2025-09-30,0,train
CUST01212,2025-09-30,0,train
CUST01213,2025-09-30,1,validation
CUST01214,2025-09-30,1,train
CUST01215,2025-09-30,0,train
CUST01216,2025-09-30,1,train
CUST01217,2025-09-30,1,validation
CUST01218,2025-09-30,0,train
CUST01219,2025-09-30,0,train
CUST01220,2025-09-30,1,train
CUST01221,2025-09-30,0,train
CUST01222,2025-09-30,0,train
CUST01223,2025-09-30,1,train
CUST01224,2025-09-30,1,train
CUST01225,2025-09-30,1,train
CUST01226,2025-09-30,1,train
CUST01227,2025-09-30,1,train
CUST01228,2025-09-30,1,train
CUST01229,2025-09-30,1,validation
CUST01230,2025-09-30,1,train
CUST01231,2025-09-30,0,train
CUST01232,2025-09-30,1,train
CUST01233,2025-09-30,0,train
CUST01234,2025-09-30,1,train
CUST01235,2025-09-30,1,train
CUST01236,2025-09-30,0,train
CUST01237,2025-09-30,1,train
CUST01238,2025-09-30,0,test
CUST01239,2025-09-30,0,train
CUST01240,2025-09-30,1,train
CUST01241,2025-09-30,0,validation
CUST01242,2025-09-30,0,test
CUST01243,2025-09-30,1,train
CUST01244,2025-09-30,0,validation
CUST01245,2025-09-30,1,test
CUST01246,2025-09-30,0,test
CUST01247,2025-09-30,0,test
CUST01248,2025-09-30,0,validation
CUST01249,2025-09-30,0,train
CUST01250,2025-09-30,0,train
CUST01251,2025-09-30,1,train
CUST01252,2025-09-30,1,train
CUST01253,2025-09-30,1,test
CUST01254,2025-09-30,0,train
CUST01255,2025-09-30,0,train
CUST01256,2025-09-30,1,train
CUST01257,2025-09-30,1,test
CUST01258,2025-09-30,1,test
CUST01259,2025-09-30,1,train
CUST01260,2025-09-30,0,validation
CUST01261,2025-09-30,0,validation
CUST01262,2025-09-30,1,train
CUST01263,2025-09-30,0,train
CUST01264,2025-09-30,1,train
CUST01265,2025-09-30,0,train
CUST01266,2025-09-30,0,train
CUST01267,2025-09-30,0,train
CUST01268,2025-09-30,1,train
CUST01269,2025-09-30,0,train
CUST01270,2025-09-30,0,train
CUST01271,2025-09-30,0,train
CUST01272,2025-09-30,0,train
CUST01273,2025-09-30,1,test
CUST01274,2025-09-30,0,train
CUST01275,2025-09-30,0,train
CUST01276,2025-09-30,0,train
CUST01277,2025-09-30,1,train
CUST01278,2025-09-30,0,train
CUST01279,2025-09-30,1,test
CUST01280,2025-09-30,0,validation
CUST01281,2025-09-30,1,train
CUST01282,2025-09-30,1,train
CUST01283,2025-09-30,1,train
CUST01284,2025-09-30,1,test
CUST01285,2025-09-30,1,train
CUST01286,2025-09-30,0,train
CUST01287,2025-09-30,0,test
CUST01288,2025-09-30,1,test
CUST01289,2025-09-30,0,train
CUST01290,2025-09-30,0,train
CUST01291,2025-09-30,0,train
CUST01292,2025-09-30,0,train
CUST01293,2025-09-30,0,train
CUST01294,2025-09-30,0,validation
CUST01295,2025-09-30,1,train
CUST01296,2025-09-30,0,train
CUST01297,2025-09-30,0,train
CUST01298,2025-09-30,1,train
CUST01299,2025-09-30,1,test
CUST01300,2025-09-30,0,train
CUST01301,2025-09-30,1,train
CUST01302,2025-09-30,0,train
CUST01303,2025-09-30,1,test
CUST01304,2025-09-30,0,train
CUST01305,2025-09-30,1,train
CUST01306,2025-09-30,0,train
CUST01307,2025-09-30,1,train
CUST01308,2025-09-30,1,train
CUST01309,2025-09-30,0,test
CUST01310,2025-09-30,0,train
CUST01311,2025-09-30,0,train
CUST01312,2025-09-30,0,train
CUST01313,2025-09-30,0,train
CUST01314,2025-09-30,0,train
CUST01315,2025-09-30,1,validation
CUST01316,2025-09-30,1,train
CUST01317,2025-09-30,1,train
CUST01318,2025-09-30,1,train
CUST01319,2025-09-30,0,test
CUST01320,2025-09-30,1,train
CUST01321,2025-09-30,0,train
CUST01322,2025-09-30,1,train
CUST01323,2025-09-30,1,train
CUST01324,2025-09-30,1,train
CUST01325,2025-09-30,0,test
CUST01326,2025-09-30,1,train
CUST01327,2025-09-30,0,train
CUST01328,2025-09-30,0,train
CUST01329,2025-09-30,0,train
CUST01330,2025-09-30,0,train
CUST01331,2025-09-30,0,train
CUST01332,2025-09-30,0,train
CUST01333,2025-09-30,1,train
CUST01334,2025-09-30,1,test
CUST01335,2025-09-30,0,train
CUST01336,2025-09-30,1,train
CUST01337,2025-09-30,0,train
CUST01338,2025-09-30,1,train
CUST01339,2025-09-30,1,train
CUST01340,2025-09-30,1,train
CUST01341,2025-09-30,1,train
CUST01342,2025-09-30,1,test
CUST01343,2025-09-30,0,validation
CUST01344,2025-09-30,1,test
CUST01345,2025-09-30,0,train
CUST01346,2025-09-30,0,validation
CUST01347,2025-09-30,1,test
CUST01348,2025-09-30,1,train
CUST01349,2025-09-30,0,train
CUST01350,2025-09-30,1,train
CUST01351,2025-09-30,1,train
CUST01352,2025-09-30,1,train
CUST01353,2025-09-30,0,train
CUST01354,2025-09-30,0,train
CUST01355,2025-09-30,0,validation
CUST01356,2025-09-30,1,train
CUST01357,2025-09-30,1,test
CUST01358,2025-09-30,0,train
CUST01359,2025-09-30,1,train
CUST01360,2025-09-30,1,train
CUST01361,2025-09-30,0,train
CUST01362,2025-09-30,1,validation
CUST01363,2025-09-30,0,train
CUST01364,2025-09-30,1,train
CUST01365,2025-09-30,1,train
CUST01366,2025-09-30,1,train
CUST01367,2025-09-30,1,train
CUST01368,2025-09-30,1,validation
CUST01369,2025-09-30,0,train
CUST01370,2025-09-30,0,test
CUST01371,2025-09-30,0,train
CUST01372,2025-09-30,1,test
CUST01373,2025-09-30,1,train
CUST01374,2025-09-30,1,test
CUST01375,2025-09-30,0,train
CUST01376,2025-09-30,0,test
CUST01377,2025-09-30,0,train
CUST01378,2025-09-30,1,train
CUST01379,2025-09-30,1,train
CUST01380,2025-09-30,0,validation
CUST01381,2025-09-30,0,train
CUST01382,2025-09-30,1,train
CUST01383,2025-09-30,0,test
CUST01384,2025-09-30,1,validation
CUST01385,2025-09-30,0,test
CUST01386,2025-09-30,0,train
CUST01387,2025-09-30,1,test
CUST01388,2025-09-30,1,train
CUST01389,2025-09-30,0,train
CUST01390,2025-09-30,0,train
CUST01391,2025-09-30,0,train
CUST01392,2025-09-30,0,test
CUST01393,2025-09-30,1,validation
CUST01394,2025-09-30,0,test
CUST01395,2025-09-30,0,train
CUST01396,2025-09-30,1,test
CUST01397,2025-09-30,0,test
CUST01398,2025-09-30,1,train
CUST01399,2025-09-30,0,validation
CUST01400,2025-09-30,1,train
CUST01401,2025-09-30,0,train
CUST01402,2025-09-30,1,train
CUST01403,2025-09-30,1,train
CUST01404,2025-09-30,1,validation
CUST01405,2025-09-30,0,test
CUST01406,2025-09-30,1,train
CUST01407,2025-09-30,1,test
CUST01408,2025-09-30,1,train
CUST01409,2025-09-30,0,train
CUST01410,2025-09-30,0,validation
CUST01411,2025-09-30,0,test
CUST01412,2025-09-30,1,train
CUST01413,2025-09-30,1,validation
CUST01414,2025-09-30,0,train
CUST01415,2025-09-30,0,validation
CUST01416,2025-09-30,0,train
CUST01417,2025-09-30,1,train
CUST01418,2025-09-30,1,train
CUST01419,2025-09-30,0,test
CUST01420,2025-09-30,0,train
CUST01421,2025-09-30,1,train
CUST01422,2025-09-30,0,test
CUST01423,2025-09-30,0,validation
CUST01424,2025-09-30,0,validation
CUST01425,2025-09-30,1,validation
CUST01426,2025-09-30,0,train
CUST01427,2025-09-30,0,validation
CUST01428,2025-09-30,0,train
CUST01429,2025-09-30,0,train
CUST01430,2025-09-30,0,train
CUST01431,2025-09-30,1,train
CUST01432,2025-09-30,1,test
CUST01433,2025-09-30,1,train
CUST01434,2025-09-30,0,test
CUST01435,2025-09-30,1,train
CUST01436,2025-09-30,0,train
CUST01437,2025-09-30,1,train
CUST01438,2025-09-30,1,train
CUST01439,2025-09-30,0,train
CUST01440,2025-09-30,0,train
CUST01441,2025-09-30,1,train
CUST01442,2025-09-30,0,test
CUST01443,2025-09-30,0,validation
CUST01444,2025-09-30,1,train
CUST01445,2025-09-30,1,train
CUST01446,2025-09-30,1,train
CUST01447,2025-09-30,0,train
CUST01448,2025-09-30,1,train
CUST01449,2025-09-30,0,validation
CUST01450,2025-09-30,1,train
CUST01451,2025-09-30,0,validation
CUST01452,2025-09-30,1,test
CUST01453,2025-09-30,1,train
CUST01454,2025-09-30,0,test
CUST01455,2025-09-30,1,train
CUST01456,2025-09-30,0,train
CUST01457,2025-09-30,1,validation
CUST01458,2025-09-30,1,train
CUST01459,2025-09-30,0,train
CUST01460,2025-09-30,1,train
CUST01461,2025-09-30,0,validation
CUST01462,2025-09-30,0,test
CUST01463,2025-09-30,1,test
CUST01464,2025-09-30,0,train
CUST01465,2025-09-30,0,train
CUST01466,2025-09-30,1,train
CUST01467,2025-09-30,1,test
CUST01468,2025-09-30,1,train
CUST01469,2025-09-30,0,validation
CUST01470,2025-09-30,1,train
CUST01471,2025-09-30,1,train
CUST01472,2025-09-30,0,train
CUST01473,2025-09-30,0,validation
CUST01474,2025-09-30,1,train
CUST01475,2025-09-30,1,test
CUST01476,2025-09-30,1,train
CUST01477,2025-09-30,0,test
CUST01478,2025-09-30,1,train
CUST01479,2025-09-30,0,train
CUST01480,2025-09-30,1,train
CUST01481,2025-09-30,1,train
CUST01482,2025-09-30,1,train
CUST01483,2025-09-30,0,train
CUST01484,2025-09-30,1,train
CUST01485,2025-09-30,1,train
CUST01486,2025-09-30,1,train
CUST01487,2025-09-30,1,train
CUST01488,2025-09-30,1,train
CUST01489,2025-09-30,0,validation
CUST01490,2025-09-30,1,train
CUST01491,2025-09-30,0,train
CUST01492,2025-09-30,0,train
CUST01493,2025-09-30,0,train
CUST01494,2025-09-30,1,train
CUST01495,2025-09-30,0,train
CUST01496,2025-09-30,0,train
CUST01497,2025-09-30,0,train
CUST01498,2025-09-30,0,train
CUST01499,2025-09-30,1,validation
CUST01500,2025-09-30,0,validation
CUST01501,2025-09-30,1,test
CUST01502,2025-09-30,0,test
CUST01503,2025-09-30,1,train
CUST01504,2025-09-30,1,train
CUST01505,2025-09-30,0,test
CUST01506,2025-09-30,1,train
CUST01507,2025-09-30,1,train
CUST01508,2025-09-30,0,train
CUST01509,2025-09-30,0,validation
CUST01510,2025-09-30,1,test
CUST01511,2025-09-30,0,train
CUST01512,2025-09-30,0,test
CUST01513,2025-09-30,1,train
CUST01514,2025-09-30,0,validation
CUST01515,2025-09-30,0,train
CUST01516,2025-09-30,1,train
CUST01517,2025-09-30,1,train
CUST01518,2025-09-30,1,train
CUST01519,2025-09-30,0,validation
CUST01520,2025-09-30,0,train
CUST01521,2025-09-30,0,train
CUST01522,2025-09-30,1,train
CUST01523,2025-09-30,0,train
CUST01524,2025-09-30,0,train
CUST01525,2025-09-30,0,train
CUST01526,2025-09-30,0,test
CUST01527,2025-09-30,1,train
CUST01528,2025-09-30,1,train
CUST01529,2025-09-30,1,train
CUST01530,2025-09-30,1,train
CUST01531,2025-09-30,1,test
CUST01532,2025-09-30,1,train
CUST01533,2025-09-30,1,train
CUST01534,2025-09-30,0,validation
CUST01535,2025-09-30,0,train
CUST01536,2025-09-30,0,train
CUST01537,2025-09-30,1,test
CUST01538,2025-09-30,0,train
CUST01539,2025-09-30,1,train
CUST01540,2025-09-30,1,train
CUST01541,2025-09-30,0,train
CUST01542,2025-09-30,0,train
CUST01543,2025-09-30,1,train
CUST01544,2025-09-30,0,train
CUST01545,2025-09-30,1,train
CUST01546,2025-09-30,0,test
CUST01547,2025-09-30,1,test
CUST01548,2025-09-30,0,train
CUST01549,2025-09-30,1,train
CUST01550,2025-09-30,1,train
CUST01551,2025-09-30,0,train
CUST01552,2025-09-30,1,test
CUST01553,2025-09-30,1,train
CUST01554,2025-09-30,0,train
CUST01555,2025-09-30,0,train
CUST01556,2025-09-30,0,train
CUST01557,2025-09-30,0,train
CUST01558,2025-09-30,1,validation
CUST01559,2025-09-30,1,train
CUST01560,2025-09-30,0,train
CUST01561,2025-09-30,1,validation
CUST01562,2025-09-30,0,train
CUST01563,2025-09-30,1,train
CUST01564,2025-09-30,1,train
CUST01565,2025-09-30,0,train
CUST01566,2025-09-30,0,train
CUST01567,2025-09-30,1,train
CUST01568,2025-09-30,1,test
CUST01569,2025-09-30,0,train
CUST01570,2025-09-30,1,train
CUST01571,2025-09-30,1,test
CUST01572,2025-09-30,1,train
CUST01573,2025-09-30,0,train
CUST01574,2025-09-30,1,test
CUST01575,2025-09-30,1,train
CUST01576,2025-09-30,1,train
CUST01577,2025-09-30,1,validation
CUST01578,2025-09-30,0,train
CUST01579,2025-09-30,1,train
CUST01580,2025-09-30,0,train
CUST01581,2025-09-30,0,test
CUST01582,2025-09-30,0,train
CUST01583,2025-09-30,1,train
CUST01584,2025-09-30,0,test
CUST01585,2025-09-30,1,train
CUST01586,2025-09-30,0,train
CUST01587,2025-09-30,1,train
CUST01588,2025-09-30,1,test
CUST01589,2025-09-30,1,train
CUST01590,2025-09-30,1,train
CUST01591,2025-09-30,1,train
CUST01592,2025-09-30,0,validation
CUST01593,2025-09-30,1,train
CUST01594,2025-09-30,0,train
CUST01595,2025-09-30,0,validation
CUST01596,2025-09-30,0,train
CUST01597,2025-09-30,0,train
CUST01598,2025-09-30,0,train
CUST01599,2025-09-30,1,train
CUST01600,2025-09-30,1,train
CUST01601,2025-09-30,0,train
CUST01602,2025-09-30,0,train
CUST01603,2025-09-30,1,test
CUST01604,2025-09-30,0,train
CUST01605,2025-09-30,0,train
CUST01606,2025-09-30,1,train
CUST01607,2025-09-30,1,train
CUST01608,2025-09-30,0,train
CUST01609,2025-09-30,1,test
CUST01610,2025-09-30,0,train
CUST01611,2025-09-30,0,validation
CUST01612,2025-09-30,1,train
CUST01613,2025-09-30,1,train
CUST01614,2025-09-30,0,test
CUST01615,2025-09-30,0,train
CUST01616,2025-09-30,1,train
CUST01617,2025-09-30,1,test
CUST01618,2025-09-30,1,train
CUST01619,2025-09-30,0,train
CUST01620,2025-09-30,0,train
CUST01621,2025-09-30,0,validation
CUST01622,2025-09-30,0,train
CUST01623,2025-09-30,1,train
CUST01624,2025-09-30,0,train
CUST01625,2025-09-30,0,validation
CUST01626,2025-09-30,1,validation
CUST01627,2025-09-30,1,train
CUST01628,2025-09-30,1,validation
CUST01629,2025-09-30,1,test
CUST01630,2025-09-30,0,test
CUST01631,2025-09-30,0,train
CUST01632,2025-09-30,1,train
CUST01633,2025-09-30,0,train
CUST01634,2025-09-30,1,train
CUST01635,2025-09-30,0,train
CUST01636,2025-09-30,0,test
CUST01637,2025-09-30,0,train
CUST01638,2025-09-30,0,train
CUST01639,2025-09-30,1,train
CUST01640,2025-09-30,1,train
CUST01641,2025-09-30,0,train
CUST01642,2025-09-30,0,train
CUST01643,2025-09-30,1,validation
CUST01644,2025-09-30,1,train
CUST01645,2025-09-30,0,train
CUST01646,2025-09-30,0,validation
CUST01647,2025-09-30,0,train
CUST01648,2025-09-30,0,train
CUST01649,2025-09-30,1,train
CUST01650,2025-09-30,0,train
CUST01651,2025-09-30,1,train
CUST01652,2025-09-30,0,train
CUST01653,2025-09-30,1,train
CUST01654,2025-09-30,0,train
CUST01655,2025-09-30,1,test
CUST01656,2025-09-30,0,train
CUST01657,2025-09-30,1,train
CUST01658,2025-09-30,0,train
CUST01659,2025-09-30,0,test
CUST01660,2025-09-30,0,test
CUST01661,2025-09-30,1,train
CUST01662,2025-09-30,1,train
CUST01663,2025-09-30,0,train
CUST01664,2025-09-30,1,train
CUST01665,2025-09-30,1,test
CUST01666,2025-09-30,1,validation
CUST01667,2025-09-30,1,train
CUST01668,2025-09-30,1,validation
CUST01669,2025-09-30,1,train
CUST01670,2025-09-30,0,train
CUST01671,2025-09-30,0,validation
CUST01672,2025-09-30,1,train
CUST01673,2025-09-30,0,train
CUST01674,2025-09-30,0,train
CUST01675,2025-09-30,1,train
CUST01676,2025-09-30,1,test
CUST01677,2025-09-30,0,train
CUST01678,2025-09-30,0,train
CUST01679,2025-09-30,1,train
CUST01680,2025-09-30,0,test
CUST01681,2025-09-30,0,train
CUST01682,2025-09-30,1,test
CUST01683,2025-09-30,0,train
CUST01684,2025-09-30,0,train
CUST01685,2025-09-30,1,train
CUST01686,2025-09-30,1,train
CUST01687,2025-09-30,1,train
CUST01688,2025-09-30,1,validation
CUST01689,2025-09-30,1,train
CUST01690,2025-09-30,1,train
CUST01691,2025-09-30,1,validation
CUST01692,2025-09-30,1,train
CUST01693,2025-09-30,0,train
CUST01694,2025-09-30,1,validation
CUST01695,2025-09-30,0,train
CUST01696,2025-09-30,1,train
CUST01697,2025-09-30,0,train
CUST01698,2025-09-30,0,train
CUST01699,2025-09-30,1,train
CUST01700,2025-09-30,1,validation
CUST01701,2025-09-30,1,train
CUST01702,2025-09-30,1,test
CUST01703,2025-09-30,0,test
CUST01704,2025-09-30,0,validation
CUST01705,2025-09-30,0,train
CUST01706,2025-09-30,0,train
CUST01707,2025-09-30,0,train
CUST01708,2025-09-30,0,train
CUST01709,2025-09-30,1,train
CUST01710,2025-09-30,0,validation
CUST01711,2025-09-30,0,train
CUST01712,2025-09-30,0,train
CUST01713,2025-09-30,1,validation
CUST01714,2025-09-30,1,validation
CUST01715,2025-09-30,1,train
CUST01716,2025-09-30,0,test
CUST01717,2025-09-30,0,train
CUST01718,2025-09-30,0,train
CUST01719,2025-09-30,1,train
CUST01720,2025-09-30,0,test
CUST01721,2025-09-30,1,train
CUST01722,2025-09-30,1,train
CUST01723,2025-09-30,0,train
CUST01724,2025-09-30,1,train
CUST01725,2025-09-30,1,train
CUST01726,2025-09-30,0,test
CUST01727,2025-09-30,0,train
CUST01728,2025-09-30,0,validation
CUST01729,2025-09-30,0,train
CUST01730,2025-09-30,1,train
CUST01731,2025-09-30,1,validation
CUST01732,2025-09-30,0,train
CUST01733,2025-09-30,1,train
CUST01734,2025-09-30,1,validation
CUST01735,2025-09-30,1,train
CUST01736,2025-09-30,0,test
CUST01737,2025-09-30,0,train
CUST01738,2025-09-30,0,validation
CUST01739,2025-09-30,0,train
CUST01740,2025-09-30,0,validation
CUST01741,2025-09-30,0,test
CUST01742,2025-09-30,1,train
CUST01743,2025-09-30,0,train
CUST01744,2025-09-30,0,validation
CUST01745,2025-09-30,1,train
CUST01746,2025-09-30,1,train
CUST01747,2025-09-30,0,validation
CUST01748,2025-09-30,1,train
CUST01749,2025-09-30,1,train
CUST01750,2025-09-30,1,train
CUST01751,2025-09-30,0,train
CUST01752,2025-09-30,1,train
CUST01753,2025-09-30,0,train
CUST01754,2025-09-30,0,validation
CUST01755,2025-09-30,1,train
CUST01756,2025-09-30,0,validation
CUST01757,2025-09-30,1,train
CUST01758,2025-09-30,1,test
CUST01759,2025-09-30,1,train
CUST01760,2025-09-30,0,validation
CUST01761,2025-09-30,0,validation
CUST01762,2025-09-30,0,validation
CUST01763,2025-09-30,1,test
CUST01764,2025-09-30,1,validation
CUST01765,2025-09-30,1,validation
CUST01766,2025-09-30,1,train
CUST01767,2025-09-30,1,train
CUST01768,2025-09-30,0,train
CUST01769,2025-09-30,0,train
CUST01770,2025-09-30,1,train
CUST01771,2025-09-30,0,train
CUST01772,2025-09-30,1,test
CUST01773,2025-09-30,1,train
CUST01774,2025-09-30,1,train
CUST01775,2025-09-30,0,train
CUST01776,2025-09-30,1,train
CUST01777,2025-09-30,1,validation
CUST01778,2025-09-30,1,test
CUST01779,2025-09-30,1,train
CUST01780,2025-09-30,0,train
CUST01781,2025-09-30,1,train
CUST01782,2025-09-30,1,train
CUST01783,2025-09-30,0,train
CUST01784,2025-09-30,0,train
CUST01785,2025-09-30,0,train
CUST01786,2025-09-30,0,train
CUST01787,2025-09-30,0,train
CUST01788,2025-09-30,0,train
CUST01789,2025-09-30,1,train
CUST01790,2025-09-30,1,train
CUST01791,2025-09-30,1,train
CUST01792,2025-09-30,0,test
CUST01793,2025-09-30,1,train
CUST01794,2025-09-30,0,train
CUST01795,2025-09-30,1,train
CUST01796,2025-09-30,1,train
CUST01797,2025-09-30,1,train
CUST01798,2025-09-30,1,train
CUST01799,2025-09-30,1,validation
CUST01800,2025-09-30,1,test
CUST01801,2025-09-30,1,train
CUST01802,2025-09-30,1,train
CUST01803,2025-09-30,0,test
CUST01804,2025-09-30,1,train
CUST01805,2025-09-30,1,train
CUST01806,2025-09-30,0,train
CUST01807,2025-09-30,0,train
CUST01808,2025-09-30,0,train
CUST01809,2025-09-30,0,train
CUST01810,2025-09-30,0,train
CUST01811,2025-09-30,0,train
CUST01812,2025-09-30,0,train
CUST01813,2025-09-30,0,train
CUST01814,2025-09-30,0,validation
CUST01815,2025-09-30,0,test
CUST01816,2025-09-30,1,train
CUST01817,2025-09-30,1,train
CUST01818,2025-09-30,1,train
CUST01819,2025-09-30,1,train
CUST01820,2025-09-30,0,train
CUST01821,2025-09-30,1,train
CUST01822,2025-09-30,0,train
CUST01823,2025-09-30,0,validation
CUST01824,2025-09-30,1,train
CUST01825,2025-09-30,0,train
CUST01826,2025-09-30,1,test
CUST01827,2025-09-30,0,test
CUST01828,2025-09-30,1,train
CUST01829,2025-09-30,1,train
CUST01830,2025-09-30,1,train
CUST01831,2025-09-30,0,train
CUST01832,2025-09-30,1,train
CUST01833,2025-09-30,0,train
CUST01834,2025-09-30,0,test
CUST01835,2025-09-30,1,train
CUST01836,2025-09-30,1,validation
CUST01837,2025-09-30,1,train
CUST01838,2025-09-30,1,train
CUST01839,2025-09-30,0,train
CUST01840,2025-09-30,0,train
CUST01841,2025-09-30,0,validation
CUST01842,2025-09-30,1,validation
CUST01843,2025-09-30,0,train
CUST01844,2025-09-30,0,train
CUST01845,2025-09-30,1,train
CUST01846,2025-09-30,1,train
CUST01847,2025-09-30,0,train
CUST01848,2025-09-30,0,train
CUST01849,2025-09-30,0,test
CUST01850,2025-09-30,0,train
CUST01851,2025-09-30,1,train
CUST01852,2025-09-30,1,train
CUST01853,2025-09-30,1,test
CUST01854,2025-09-30,1,test
CUST01855,2025-09-30,0,train
CUST01856,2025-09-30,1,train
CUST01857,2025-09-30,1,train
CUST01858,2025-09-30,0,test
CUST01859,2025-09-30,0,train
CUST01860,2025-09-30,0,train
CUST01861,2025-09-30,0,train
CUST01862,2025-09-30,0,train
CUST01863,2025-09-30,1,train
CUST01864,2025-09-30,0,validation
CUST01865,2025-09-30,1,train
CUST01866,2025-09-30,1,train
CUST01867,2025-09-30,0,train
CUST01868,2025-09-30,1,train
CUST01869,2025-09-30,0,train
CUST01870,2025-09-30,0,test
CUST01871,2025-09-30,1,validation
CUST01872,2025-09-30,0,train
CUST01873,2025-09-30,0,train
CUST01874,2025-09-30,0,train
CUST01875,2025-09-30,1,train
CUST01876,2025-09-30,1,train
CUST01877,2025-09-30,0,test
CUST01878,2025-09-30,1,validation
CUST01879,2025-09-30,1,train
CUST01880,2025-09-30,1,train
CUST01881,2025-09-30,0,test
CUST01882,2025-09-30,1,validation
CUST01883,2025-09-30,0,train
CUST01884,2025-09-30,1,train
CUST01885,2025-09-30,0,train
CUST01886,2025-09-30,1,train
CUST01887,2025-09-30,1,train
CUST01888,2025-09-30,0,test
CUST01889,2025-09-30,0,train
CUST01890,2025-09-30,1,train
CUST01891,2025-09-30,1,train
CUST01892,2025-09-30,0,train
CUST01893,2025-09-30,0,train
CUST01894,2025-09-30,1,train
CUST01895,2025-09-30,1,train
CUST01896,2025-09-30,0,train
CUST01897,2025-09-30,0,train
CUST01898,2025-09-30,1,train
CUST01899,2025-09-30,1,train
CUST01900,2025-09-30,0,test
CUST01901,2025-09-30,1,train
CUST01902,2025-09-30,0,train
CUST01903,2025-09-30,0,train
CUST01904,2025-09-30,0,validation
CUST01905,2025-09-30,0,train
CUST01906,2025-09-30,0,test
CUST01907,2025-09-30,0,test
CUST01908,2025-09-30,1,test
CUST01909,2025-09-30,0,train
CUST01910,2025-09-30,1,train
CUST01911,2025-09-30,0,train
CUST01912,2025-09-30,0,test
CUST01913,2025-09-30,1,validation
CUST01914,2025-09-30,0,train
CUST01915,2025-09-30,1,train
CUST01916,2025-09-30,0,train
CUST01917,2025-09-30,1,test
CUST01918,2025-09-30,1,train
CUST01919,2025-09-30,0,train
CUST01920,2025-09-30,1,validation
CUST01921,2025-09-30,1,train
CUST01922,2025-09-30,0,train
CUST01923,2025-09-30,1,train
CUST01924,2025-09-30,0,validation
CUST01925,2025-09-30,0,test
CUST01926,2025-09-30,1,train
CUST01927,2025-09-30,1,train
CUST01928,2025-09-30,0,train
CUST01929,2025-09-30,1,validation
CUST01930,2025-09-30,0,train
CUST01931,2025-09-30,0,train
CUST01932,2025-09-30,0,train
CUST01933,2025-09-30,1,train
CUST01934,2025-09-30,0,validation
CUST01935,2025-09-30,1,train
CUST01936,2025-09-30,0,train
CUST01937,2025-09-30,1,train
CUST01938,2025-09-30,0,train
CUST01939,2025-09-30,0,train
CUST01940,2025-09-30,0,train
CUST01941,2025-09-30,0,train
CUST01942,2025-09-30,1,train
CUST01943,2025-09-30,0,train
CUST01944,2025-09-30,0,train
CUST01945,2025-09-30,1,test
CUST01946,2025-09-30,0,train
CUST01947,2025-09-30,1,train
CUST01948,2025-09-30,1,train
CUST01949,2025-09-30,1,test
CUST01950,2025-09-30,1,train
CUST01951,2025-09-30,1,train
CUST01952,2025-09-30,1,validation
CUST01953,2025-09-30,1,test
CUST01954,2025-09-30,0,train
CUST01955,2025-09-30,0,train
CUST01956,2025-09-30,1,validation
CUST01957,2025-09-30,1,validation
CUST01958,2025-09-30,1,train
CUST01959,2025-09-30,0,train
CUST01960,2025-09-30,0,train
CUST01961,2025-09-30,1,train
CUST01962,2025-09-30,1,train
CUST01963,2025-09-30,1,train
CUST01964,2025-09-30,0,train
CUST01965,2025-09-30,1,train
CUST01966,2025-09-30,1,train
CUST01967,2025-09-30,1,train
CUST01968,2025-09-30,1,validation
CUST01969,2025-09-30,0,validation
CUST01970,2025-09-30,0,train
CUST01971,2025-09-30,0,train
CUST01972,2025-09-30,0,train
CUST01973,2025-09-30,0,train
CUST01974,2025-09-30,0,train
CUST01975,2025-09-30,0,train
CUST01976,2025-09-30,0,train
CUST01977,2025-09-30,0,test
CUST01978,2025-09-30,1,train
CUST01979,2025-09-30,0,train
CUST01980,2025-09-30,0,train
CUST01981,2025-09-30,0,train
CUST01982,2025-09-30,0,train
CUST01983,2025-09-30,0,train
CUST01984,2025-09-30,0,train
CUST01985,2025-09-30,0,test
CUST01986,2025-09-30,0,train
CUST01987,2025-09-30,1,validation
CUST01988,2025-09-30,0,train
CUST01989,2025-09-30,1,validation
CUST01990,2025-09-30,1,test
CUST01991,2025-09-30,1,train
CUST01992,2025-09-30,0,train
CUST01993,2025-09-30,0,train
CUST01994,2025-09-30,0,validation
CUST01995,2025-09-30,1,train
CUST01996,2025-09-30,0,train
CUST01997,2025-09-30,0,train
CUST01998,2025-09-30,0,train
CUST01999,2025-09-30,1,test
CUST02000,2025-09-30,1,train
CUST02001,2025-09-30,0,train
CUST02002,2025-09-30,0,train
CUST02003,2025-09-30,1,validation
CUST02004,2025-09-30,0,validation
CUST02005,2025-09-30,0,train
CUST02006,2025-09-30,0,train
CUST02007,2025-09-30,1,train
CUST02008,2025-09-30,1,train
CUST02009,2025-09-30,0,train
CUST02010,2025-09-30,0,validation
CUST02011,2025-09-30,1,train
CUST02012,2025-09-30,0,validation
CUST02013,2025-09-30,0,train
CUST02014,2025-09-30,0,train
CUST02015,2025-09-30,1,validation
CUST02016,2025-09-30,0,train
CUST02017,2025-09-30,1,train
CUST02018,2025-09-30,1,train
CUST02019,2025-09-30,0,train
CUST02020,2025-09-30,1,train
CUST02021,2025-09-30,0,train
CUST02022,2025-09-30,0,test
CUST02023,2025-09-30,1,train
CUST02024,2025-09-30,0,train
CUST02025,2025-09-30,0,validation
CUST02026,2025-09-30,0,train
CUST02027,2025-09-30,0,train
CUST02028,2025-09-30,1,train
CUST02029,2025-09-30,0,train
CUST02030,2025-09-30,0,train
CUST02031,2025-09-30,1,train
CUST02032,2025-09-30,1,train
CUST02033,2025-09-30,0,train
CUST02034,2025-09-30,0,train
CUST02035,2025-09-30,1,test
CUST02036,2025-09-30,0,test
CUST02037,2025-09-30,1,train
CUST02038,2025-09-30,1,train
CUST02039,2025-09-30,1,train
CUST02040,2025-09-30,0,train
CUST02041,2025-09-30,0,train
CUST02042,2025-09-30,0,train
CUST02043,2025-09-30,0,validation
CUST02044,2025-09-30,0,train
CUST02045,2025-09-30,1,train
CUST02046,2025-09-30,1,train
CUST02047,2025-09-30,0,train
CUST02048,2025-09-30,1,train
CUST02049,2025-09-30,0,train
CUST02050,2025-09-30,0,train
CUST02051,2025-09-30,1,train
CUST02052,2025-09-30,0,train
CUST02053,2025-09-30,0,train
CUST02054,2025-09-30,0,train
CUST02055,2025-09-30,0,train
CUST02056,2025-09-30,1,validation
CUST02057,2025-09-30,0,train
CUST02058,2025-09-30,0,train
CUST02059,2025-09-30,0,validation
CUST02060,2025-09-30,1,test
CUST02061,2025-09-30,0,train
CUST02062,2025-09-30,1,train
CUST02063,2025-09-30,0,train
CUST02064,2025-09-30,1,train
CUST02065,2025-09-30,1,test
CUST02066,2025-09-30,0,train
CUST02067,2025-09-30,0,validation
CUST02068,2025-09-30,0,train
CUST02069,2025-09-30,1,test
CUST02070,2025-09-30,1,train
CUST02071,2025-09-30,0,train
CUST02072,2025-09-30,1,test
CUST02073,2025-09-30,1,train
CUST02074,2025-09-30,0,train
CUST02075,2025-09-30,1,validation
CUST02076,2025-09-30,1,train
CUST02077,2025-09-30,1,test
CUST02078,2025-09-30,0,train
CUST02079,2025-09-30,0,validation
CUST02080,2025-09-30,1,train
CUST02081,2025-09-30,1,train
CUST02082,2025-09-30,1,train
CUST02083,2025-09-30,0,train
CUST02084,2025-09-30,1,train
CUST02085,2025-09-30,1,train
CUST02086,2025-09-30,0,train
CUST02087,2025-09-30,0,train
CUST02088,2025-09-30,1,test
CUST02089,2025-09-30,0,train
CUST02090,2025-09-30,1,train
CUST02091,2025-09-30,0,validation
CUST02092,2025-09-30,1,validation
CUST02093,2025-09-30,0,train
CUST02094,2025-09-30,1,train
CUST02095,2025-09-30,0,train
CUST02096,2025-09-30,1,validation
CUST02097,2025-09-30,0,train
CUST02098,2025-09-30,1,validation
CUST02099,2025-09-30,1,train
CUST02100,2025-09-30,0,train
CUST02101,2025-09-30,1,train
CUST02102,2025-09-30,0,train
CUST02103,2025-09-30,1,test
CUST02104,2025-09-30,0,train
CUST02105,2025-09-30,0,train
CUST02106,2025-09-30,0,train
CUST02107,2025-09-30,1,train
CUST02108,2025-09-30,0,train
CUST02109,2025-09-30,0,train
CUST02110,2025-09-30,0,train
CUST02111,2025-09-30,1,train
CUST02112,2025-09-30,1,train
CUST02113,2025-09-30,1,test
CUST02114,2025-09-30,1,train
CUST02115,2025-09-30,0,train
CUST02116,2025-09-30,1,train
CUST02117,2025-09-30,0,test
CUST02118,2025-09-30,1,train
CUST02119,2025-09-30,0,validation
CUST02120,2025-09-30,0,train
CUST02121,2025-09-30,0,train
CUST02122,2025-09-30,0,train
CUST02123,2025-09-30,0,validation
CUST02124,2025-09-30,0,train
CUST02125,2025-09-30,1,train
CUST02126,2025-09-30,1,train
CUST02127,2025-09-30,1,train
CUST02128,2025-09-30,1,train
CUST02129,2025-09-30,1,train
CUST02130,2025-09-30,1,train
CUST02131,2025-09-30,0,validation
CUST02132,2025-09-30,0,validation
CUST02133,2025-09-30,0,train
CUST02134,2025-09-30,0,train
CUST02135,2025-09-30,1,validation
CUST02136,2025-09-30,1,train
CUST02137,2025-09-30,0,train
CUST02138,2025-09-30,1,test
CUST02139,2025-09-30,0,train
CUST02140,2025-09-30,0,train
CUST02141,2025-09-30,1,train
CUST02142,2025-09-30,1,train
CUST02143,2025-09-30,0,train
CUST02144,2025-09-30,0,train
CUST02145,2025-09-30,1,train
CUST02146,2025-09-30,1,train
CUST02147,2025-09-30,1,test
CUST02148,2025-09-30,0,train
CUST02149,2025-09-30,1,train
CUST02150,2025-09-30,1,validation
CUST02151,2025-09-30,0,validation
CUST02152,2025-09-30,1,train
CUST02153,2025-09-30,1,validation
CUST02154,2025-09-30,0,train
CUST02155,2025-09-30,1,train
CUST02156,2025-09-30,1,train
CUST02157,2025-09-30,1,train
CUST02158,2025-09-30,1,test
CUST02159,2025-09-30,0,test
CUST02160,2025-09-30,0,validation
CUST02161,2025-09-30,1,test
CUST02162,2025-09-30,0,train
CUST02163,2025-09-30,1,train
CUST02164,2025-09-30,0,test
CUST02165,2025-09-30,0,validation
CUST02166,2025-09-30,0,train
CUST02167,2025-09-30,1,train
CUST02168,2025-09-30,1,validation
CUST02169,2025-09-30,0,train
CUST02170,2025-09-30,1,train
CUST02171,2025-09-30,0,test
CUST02172,2025-09-30,0,train
CUST02173,2025-09-30,0,test
CUST02174,2025-09-30,0,train
CUST02175,2025-09-30,0,test
CUST02176,2025-09-30,1,train
CUST02177,2025-09-30,1,test
CUST02178,2025-09-30,0,train
CUST02179,2025-09-30,0,validation
CUST02180,2025-09-30,1,train
CUST02181,2025-09-30,0,validation
CUST02182,2025-09-30,0,train
CUST02183,2025-09-30,1,train
CUST02184,2025-09-30,1,validation
CUST02185,2025-09-30,1,test
CUST02186,2025-09-30,1,validation
CUST02187,2025-09-30,1,train
CUST02188,2025-09-30,1,train
CUST02189,2025-09-30,0,train
CUST02190,2025-09-30,0,train
CUST02191,2025-09-30,1,validation
CUST02192,2025-09-30,0,train
CUST02193,2025-09-30,0,validation
CUST02194,2025-09-30,0,train
CUST02195,2025-09-30,1,train
CUST02196,2025-09-30,1,test
CUST02197,2025-09-30,1,train
CUST02198,2025-09-30,1,test
CUST02199,2025-09-30,1,train
CUST02200,2025-09-30,0,train
CUST02201,2025-09-30,1,train
CUST02202,2025-09-30,0,validation
CUST02203,2025-09-30,0,test
CUST02204,2025-09-30,1,test
CUST02205,2025-09-30,0,train
CUST02206,2025-09-30,1,train
CUST02207,2025-09-30,0,validation
CUST02208,2025-09-30,1,train
CUST02209,2025-09-30,0,train
CUST02210,2025-09-30,1,validation
CUST02211,2025-09-30,0,train
CUST02212,2025-09-30,1,train
CUST02213,2025-09-30,1,train
CUST02214,2025-09-30,1,train
CUST02215,2025-09-30,0,train
CUST02216,2025-09-30,1,train
CUST02217,2025-09-30,0,train
CUST02218,2025-09-30,0,train
CUST02219,2025-09-30,1,train
CUST02220,2025-09-30,0,train
CUST02221,2025-09-30,1,train
CUST02222,2025-09-30,1,test
CUST02223,2025-09-30,0,train
CUST02224,2025-09-30,1,test
CUST02225,2025-09-30,0,train
CUST02226,2025-09-30,0,validation
CUST02227,2025-09-30,1,train
CUST02228,2025-09-30,1,train
CUST02229,2025-09-30,0,test
CUST02230,2025-09-30,1,train
CUST02231,2025-09-30,0,train
CUST02232,2025-09-30,0,train
CUST02233,2025-09-30,0,train
CUST02234,2025-09-30,1,validation
CUST02235,2025-09-30,1,test
CUST02236,2025-09-30,1,train
CUST02237,2025-09-30,0,train
CUST02238,2025-09-30,1,train
CUST02239,2025-09-30,1,train
CUST02240,2025-09-30,0,train
CUST02241,2025-09-30,1,train
CUST02242,2025-09-30,1,validation
CUST02243,2025-09-30,1,train
CUST02244,2025-09-30,0,train
CUST02245,2025-09-30,1,train
CUST02246,2025-09-30,1,train
CUST02247,2025-09-30,0,train
CUST02248,2025-09-30,1,test
CUST02249,2025-09-30,1,train
CUST02250,2025-09-30,0,test
CUST02251,2025-09-30,1,test
CUST02252,2025-09-30,1,train
CUST02253,2025-09-30,0,train
CUST02254,2025-09-30,1,train
CUST02255,2025-09-30,0,train
CUST02256,2025-09-30,0,train
CUST02257,2025-09-30,1,train
CUST02258,2025-09-30,1,train
CUST02259,2025-09-30,0,train
CUST02260,2025-09-30,1,train
CUST02261,2025-09-30,1,train
CUST02262,2025-09-30,1,train
CUST02263,2025-09-30,0,train
CUST02264,2025-09-30,0,test
CUST02265,2025-09-30,1,validation
CUST02266,2025-09-30,0,train
CUST02267,2025-09-30,0,train
CUST02268,2025-09-30,1,train
CUST02269,2025-09-30,0,train
CUST02270,2025-09-30,0,train
CUST02271,2025-09-30,0,train
CUST02272,2025-09-30,0,train
CUST02273,2025-09-30,1,train
CUST02274,2025-09-30,1,test
CUST02275,2025-09-30,0,train
CUST02276,2025-09-30,0,train
CUST02277,2025-09-30,1,validation
CUST02278,2025-09-30,1,train
CUST02279,2025-09-30,0,train
CUST02280,2025-09-30,1,train
CUST02281,2025-09-30,1,train
CUST02282,2025-09-30,1,train
CUST02283,2025-09-30,1,train
CUST02284,2025-09-30,1,train
CUST02285,2025-09-30,0,train
CUST02286,2025-09-30,1,train
CUST02287,2025-09-30,0,test
CUST02288,2025-09-30,0,train
CUST02289,2025-09-30,0,train
CUST02290,2025-09-30,0,validation
CUST02291,2025-09-30,1,test
CUST02292,2025-09-30,1,train
CUST02293,2025-09-30,1,train
CUST02294,2025-09-30,0,train
CUST02295,2025-09-30,0,validation
CUST02296,2025-09-30,0,train
CUST02297,2025-09-30,1,train
CUST02298,2025-09-30,1,test
CUST02299,2025-09-30,0,train
CUST02300,2025-09-30,0,validation
CUST02301,2025-09-30,0,train
CUST02302,2025-09-30,1,train
CUST02303,2025-09-30,0,test
CUST02304,2025-09-30,1,train
CUST02305,2025-09-30,0,validation
CUST02306,2025-09-30,0,train
CUST02307,2025-09-30,0,train
CUST02308,2025-09-30,1,train
CUST02309,2025-09-30,1,train
CUST02310,2025-09-30,0,validation
CUST02311,2025-09-30,1,validation
CUST02312,2025-09-30,1,train
CUST02313,2025-09-30,0,validation
CUST02314,2025-09-30,0,train
CUST02315,2025-09-30,0,train
CUST02316,2025-09-30,0,train
CUST02317,2025-09-30,0,train
CUST02318,2025-09-30,0,train
CUST02319,2025-09-30,0,train
CUST02320,2025-09-30,1,train
CUST02321,2025-09-30,1,validation
CUST02322,2025-09-30,0,train
CUST02323,2025-09-30,1,train
CUST02324,2025-09-30,1,test
CUST02325,2025-09-30,0,train
CUST02326,2025-09-30,0,test
CUST02327,2025-09-30,1,validation
CUST02328,2025-09-30,0,test
CUST02329,2025-09-30,0,test
CUST02330,2025-09-30,0,validation
CUST02331,2025-09-30,0,train
CUST02332,2025-09-30,0,test
CUST02333,2025-09-30,0,train
CUST02334,2025-09-30,0,train
CUST02335,2025-09-30,0,train
CUST02336,2025-09-30,0,validation
CUST02337,2025-09-30,0,validation
CUST02338,2025-09-30,0,test
CUST02339,2025-09-30,0,train
CUST02340,2025-09-30,0,train
CUST02341,2025-09-30,0,test
CUST02342,2025-09-30,0,train
CUST02343,2025-09-30,0,test
CUST02344,2025-09-30,1,train
CUST02345,2025-09-30,0,train
CUST02346,2025-09-30,0,validation
CUST02347,2025-09-30,0,train
CUST02348,2025-09-30,0,train
CUST02349,2025-09-30,0,validation
CUST02350,2025-09-30,0,train
CUST02351,2025-09-30,1,test
CUST02352,2025-09-30,0,validation
CUST02353,2025-09-30,0,train
CUST02354,2025-09-30,0,test
CUST02355,2025-09-30,0,train
CUST02356,2025-09-30,0,train
CUST02357,2025-09-30,0,train
CUST02358,2025-09-30,1,train
CUST02359,2025-09-30,0,train
CUST02360,2025-09-30,1,train
CUST02361,2025-09-30,1,train
CUST02362,2025-09-30,0,train
CUST02363,2025-09-30,0,train
CUST02364,2025-09-30,0,validation
CUST02365,2025-09-30,0,train
CUST02366,2025-09-30,0,train
CUST02367,2025-09-30,0,train
CUST02368,2025-09-30,1,train
CUST02369,2025-09-30,0,test
CUST02370,2025-09-30,0,train
CUST02371,2025-09-30,0,train
CUST02372,2025-09-30,0,train
CUST02373,2025-09-30,0,train
CUST02374,2025-09-30,0,train
CUST02375,2025-09-30,0,train
CUST02376,2025-09-30,0,train
CUST02377,2025-09-30,0,train
CUST02378,2025-09-30,0,train
CUST02379,2025-09-30,1,train
CUST02380,2025-09-30,1,test
CUST02381,2025-09-30,0,train
CUST02382,2025-09-30,0,train
CUST02383,2025-09-30,1,train
CUST02384,2025-09-30,0,train
CUST02385,2025-09-30,0,train
CUST02386,2025-09-30,0,train
CUST02387,2025-09-30,0,train
CUST02388,2025-09-30,0,train
CUST02389,2025-09-30,1,train
CUST02390,2025-09-30,1,train
CUST02391,2025-09-30,1,test
CUST02392,2025-09-30,1,train
CUST02393,2025-09-30,0,train
CUST02394,2025-09-30,0,train
CUST02395,2025-09-30,1,train
CUST02396,2025-09-30,1,train
CUST02397,2025-09-30,0,train
CUST02398,2025-09-30,0,train
CUST02399,2025-09-30,1,validation
CUST02400,2025-09-30,1,test
